{
  "run_id": "2026-06-06-transformer-sweep-cnn",
  "status": "rejected",
  "stage": "complete",
  "comparison": {
    "status": "rejected",
    "baseline_mean": 0.7535087101768873,
    "candidate_mean": 0.5376625628048204,
    "mean_delta": -0.21584614737206684,
    "paired_bootstrap_ci": [
      -0.25431177258295823,
      -0.18414569453388638
    ],
    "ci_excludes_zero": true,
    "n_series": 10,
    "reasons": [
      "mean \u0394R\u00b2=-0.2158 < min_delta_r2=0.02"
    ],
    "comparison_train_size": 2000,
    "baseline_model": "cnn",
    "candidate_model": "transformer",
    "per_size": [
      {
        "status": "rejected",
        "baseline_mean": 0.4631339717195087,
        "candidate_mean": 0.2056232846400186,
        "mean_delta": -0.2575106870794901,
        "paired_bootstrap_ci": [
          -0.28633153252396837,
          -0.22638962347719302
        ],
        "ci_excludes_zero": true,
        "n_series": 10,
        "reasons": [
          "mean \u0394R\u00b2=-0.2575 < min_delta_r2=0.02"
        ],
        "train_size": 250
      },
      {
        "status": "rejected",
        "baseline_mean": 0.5691056542971282,
        "candidate_mean": 0.3297354608831997,
        "mean_delta": -0.2393701934139285,
        "paired_bootstrap_ci": [
          -0.27160936697000315,
          -0.20654392500125912
        ],
        "ci_excludes_zero": true,
        "n_series": 10,
        "reasons": [
          "mean \u0394R\u00b2=-0.2394 < min_delta_r2=0.02"
        ],
        "train_size": 500
      },
      {
        "status": "rejected",
        "baseline_mean": 0.6638995189808232,
        "candidate_mean": 0.43739412986755966,
        "mean_delta": -0.22650538911326357,
        "paired_bootstrap_ci": [
          -0.266431522685988,
          -0.18996712088201123
        ],
        "ci_excludes_zero": true,
        "n_series": 10,
        "reasons": [
          "mean \u0394R\u00b2=-0.2265 < min_delta_r2=0.02"
        ],
        "train_size": 1000
      },
      {
        "status": "rejected",
        "baseline_mean": 0.7535087101768873,
        "candidate_mean": 0.5376625628048204,
        "mean_delta": -0.21584614737206684,
        "paired_bootstrap_ci": [
          -0.25431177258295823,
          -0.18414569453388638
        ],
        "ci_excludes_zero": true,
        "n_series": 10,
        "reasons": [
          "mean \u0394R\u00b2=-0.2158 < min_delta_r2=0.02"
        ],
        "train_size": 2000
      }
    ],
    "crossover": {
      "superior_at": null,
      "parity_at": null,
      "trend": "narrowing",
      "deltas_by_size": {
        "250": -0.2575,
        "500": -0.2394,
        "1000": -0.2265,
        "2000": -0.2158
      }
    }
  },
  "environment": {
    "python": "3.12.8",
    "platform": "Windows-11-10.0.26200-SP0",
    "packages": {
      "numpy": "1.26.4",
      "scikit-learn": "1.6.1",
      "torch": "2.5.1+cu121"
    },
    "cuda": true
  },
  "warnings": [
    "only 3 repeats (<5); primary R\u00b2 less stable than the paper's 5-repeat protocol"
  ]
}